Gender,ID,Anual_Income,Address,Spending_Score,Age
F,59-901-8721,58497,58 Sutherland Alley,93,28
M,01-586-4636,24713,2367 Kim Center,33,36
F,52-036-5356,148836,25215 Leroy Lane,73,20
M,15-296-6167,33312,7 Hanover Pass,42,39
F,91-923-0787,129710,3701 Waywood Lane,48,33
F,88-163-5056,113279,42 Caliangt Drive,72,34
M,22-912-2656,104165,7 Melby Road,46,33
F,38-477-5158,135824,5102 Burning Wood Hill,84,16
M,86-441-0727,94011,559 Cody Pass,96,36
F,58-678-3244,120413,52 Arrowood Lane,31,22
M,69-767-4559,130433,49 Helena Circle,97,25
M,26-906-3397,45423,2158 Bellgrove Pass,2,23
M,51-655-4762,115087,8 Ohio Circle,21,45
F,39-726-4749,110814,22410 Eliot Point,56,30
M,03-940-3166,62914,189 American Park,1,33
M,05-734-2426,108429,3218 Burning Wood Crossing,51,42
F,55-694-4794,128802,292 Dapin Way,69,25
M,21-116-1160,62605,2 Burning Wood Park,74,19
M,33-011-7471,139595,41 Anzinger Park,94,22
M,63-315-5546,139885,1 Hudson Junction,30,24
F,90-488-5846,30693,722 Cascade Point,2,44
F,88-147-5754,20161,1 Bluejay Point,12,22
M,56-325-7348,33475,25 Anthes Center,83,43
F,75-464-8530,46770,27 Longview Junction,61,25
M,41-833-8083,106033,261 Mockingbird Center,98,32
M,53-041-8882,95736,6174 7th Court,42,33
F,62-165-3334,147730,7 Bay Pass,5,21
M,60-377-8295,124997,9 Swallow Place,86,18
F,87-942-5616,37851,36 International Alley,49,21
F,56-060-7300,116072,50673 Mesta Street,43,32
M,91-951-5198,122296,60555 Sachs Pass,72,21
F,41-355-0915,102358,620 Summer Ridge Center,28,24
M,67-025-4706,32151,2 Golden Leaf Road,73,42
M,98-406-8470,66551,283 Weeping Birch Trail,7,35
M,92-975-6585,103045,73 Dexter Trail,48,25
F,56-287-3846,131146,8873 Sage Alley,10,19
F,90-814-7787,91335,1 Beilfuss Plaza,18,42
F,36-365-2963,58366,733 Jenna Junction,41,38
M,02-342-0655,101394,0 Waxwing Alley,48,25
M,50-514-0825,35616,47 Pleasure Pass,36,28
M,37-328-0334,57227,2761 Hoard Street,73,28
M,90-887-1208,124758,6156 Texas Place,14,32
M,64-719-3370,139240,074 Caliangt Crossing,7,43
F,72-530-2074,131018,8 Mallory Junction,17,32
F,65-941-7002,51077,8 Ramsey Park,59,42
M,59-390-0120,102328,84529 West Parkway,54,42
M,28-302-2566,84933,6 Eggendart Point,57,35
F,37-524-1958,136233,29002 Bartelt Hill,64,26
M,44-661-4314,93798,8499 Riverside Circle,37,27
F,74-794-1442,76726,4627 Pine View Center,44,25
M,96-471-2980,87455,2682 Armistice Road,72,45
M,61-578-1537,115406,93187 Center Lane,19,40
M,05-862-4307,148511,4282 Tennessee Trail,80,39
M,49-859-0907,72446,823 Miller Way,75,31
F,68-796-2750,131718,3 Stoughton Center,19,41
M,49-120-9557,106431,74 Morrow Junction,89,20
M,76-236-7083,128484,95868 Crescent Oaks Way,54,22
M,57-310-4393,28692,9 Shoshone Hill,22,24
F,02-956-5152,126127,5265 Manufacturers Park,53,40
F,29-739-7979,45206,7761 Sachs Plaza,69,39
F,63-477-2506,125220,4135 Harper Pass,95,31
M,45-705-4404,83929,5117 International Crossing,84,29
M,79-602-9797,47223,2 Pawling Road,37,21
M,85-117-0133,56524,24 Surrey Point,2,16
F,51-741-5999,56068,05957 Lukken Alley,90,18
M,37-717-2216,124113,0567 Sloan Avenue,5,21
M,54-151-0638,96133,95 Mosinee Crossing,38,36
M,83-058-0848,31619,5 Laurel Plaza,90,22
M,80-531-8697,81196,8 Anthes Junction,10,39
M,38-386-0229,34666,6 Clarendon Terrace,84,37
M,48-715-3561,147013,85 Lunder Drive,43,22
M,66-196-7410,27351,2897 Aberg Point,70,20
F,66-512-3281,127418,82682 Laurel Way,91,33
F,65-202-2071,135153,71 Nova Pass,54,40
F,72-442-1894,31100,3666 Summerview Junction,34,22
M,26-163-1856,73087,646 Brown Terrace,3,37
M,46-235-4253,88908,526 Bowman Lane,81,30
M,00-292-7789,128967,737 Vermont Plaza,86,40
F,63-704-4372,140144,3488 Norway Maple Park,41,44
F,73-067-1134,124530,077 Bultman Plaza,83,27
M,39-299-8357,114899,98 Westport Drive,7,23
F,13-988-1843,127749,38709 Thierer Road,79,45
F,14-418-0895,77559,959 Anthes Drive,68,28
M,79-018-2366,74855,68 Pawling Parkway,48,38
M,92-073-7367,91213,4204 Dorton Crossing,85,23
M,41-529-2932,113384,3047 Helena Alley,30,36
M,58-523-7276,76745,89295 Kim Circle,35,22
M,78-246-2394,125977,7 Schiller Park,80,31
M,48-026-3287,47047,292 Browning Road,55,19
F,49-074-3592,30948,0 Waywood Trail,26,41
M,90-391-1213,114672,5893 Northport Avenue,10,27
F,89-987-3875,95602,7 Memorial Alley,14,27
M,69-784-8681,100927,2867 Nevada Trail,14,21
M,99-795-2840,95646,31 Glacier Hill Court,37,33
M,02-344-1055,100199,94 Florence Lane,67,20
F,02-473-5592,88077,127 Pleasure Hill,60,31
F,56-259-7534,71735,63139 Stoughton Center,29,23
M,61-860-1933,50608,0 Glacier Hill Circle,63,17
M,36-962-3850,112529,9687 Everett Avenue,94,38
F,21-379-2354,80062,9220 Golf Course Drive,42,40
F,77-869-5489,90882,6211 Continental Court,9,33
F,69-428-0545,128050,87961 Delaware Point,68,43
M,79-306-2722,78155,2557 Monument Center,98,33
F,98-236-1317,67601,270 Jenifer Trail,19,42
M,60-875-9834,79799,9 Dapin Point,20,17
M,89-460-0041,30591,40 Eggendart Plaza,51,19
F,71-102-1079,23595,4039 Gale Plaza,21,30
M,66-021-7582,136449,1 Paget Alley,97,37
M,21-086-2654,122446,59 Milwaukee Lane,48,16
F,94-505-5922,125432,2508 Arrowood Plaza,54,38
M,45-263-0311,103464,168 Stone Corner Avenue,69,41
F,33-230-0939,23102,4517 Northwestern Terrace,33,40
M,98-719-6674,99842,8136 Cordelia Way,74,23
F,84-505-2829,84526,8533 Dovetail Trail,85,22
M,51-596-9598,72257,5652 Hoepker Avenue,87,17
F,32-552-8638,51874,4127 Butterfield Place,49,33
F,12-573-5693,24816,77 Lien Circle,57,17
M,96-776-8293,82370,089 Tennessee Avenue,30,43
M,14-193-8820,96758,32 Village Court,97,17
F,31-092-7344,20138,46770 Valley Edge Plaza,80,43
M,04-582-8381,49165,873 Kipling Pass,60,38
M,69-743-1171,83040,37 North Way,35,29
M,61-779-7311,148899,8909 Glacier Hill Lane,44,36
M,42-335-9289,55425,9531 Service Point,58,26
M,83-350-7974,37096,9758 Roxbury Alley,8,38
M,95-168-5284,31369,2 David Crossing,21,32
M,02-065-3396,118092,7921 West Parkway,62,41
M,23-787-1590,135365,317 Onsgard Way,43,40
F,33-915-3736,71271,0 Dorton Alley,90,21
M,08-363-2582,44943,4 Haas Center,71,40
F,47-585-7485,120470,53865 Maywood Park,90,40
M,53-358-7361,103256,5 Duke Circle,65,38
F,73-626-2179,45458,27 Nancy Place,56,28
M,84-213-1021,20108,9181 Annamark Trail,36,32
F,14-365-6000,21537,494 Farwell Pass,1,27
M,77-564-8156,69918,57 Lake View Drive,72,35
F,88-370-7471,103605,73886 Hazelcrest Road,32,40
M,38-232-3893,72967,881 Pepper Wood Alley,38,33
M,60-885-8623,95092,03 Russell Court,10,36
M,52-959-8230,30994,352 Dryden Trail,88,44
F,65-942-6853,87602,238 International Parkway,15,37
F,63-487-7326,110211,22088 Troy Terrace,19,21
M,21-731-3989,64153,25 Porter Drive,16,25
M,47-829-1341,51977,1 Grasskamp Way,15,28
F,82-165-4624,149429,25780 Charing Cross Plaza,13,17
F,74-987-2598,87386,8848 Cambridge Park,19,45
F,36-672-4862,146612,6 Golf View Circle,49,38
M,04-925-2382,31959,7129 Elgar Place,89,29
F,31-272-9538,65326,881 Hintze Trail,100,32
M,90-426-4740,113177,26 Southridge Place,12,41
F,09-123-4876,49592,55087 Division Trail,33,35
M,17-185-3092,27333,46 John Wall Park,84,43
M,08-236-6713,47012,8 Jenna Park,26,17
M,75-108-7876,96320,263 Mallory Center,83,43
M,02-213-2180,48246,75412 Fairfield Trail,28,38
M,16-574-7482,98474,4 Kingsford Plaza,44,22
F,65-367-6956,109863,4 Basil Place,40,29
F,24-347-1538,99054,595 Shoshone Court,57,16
M,23-243-2558,42822,4473 Dovetail Way,57,38
M,57-784-6483,130120,58 Brown Point,28,22
F,44-575-8916,62315,8309 Lawn Hill,18,24
M,96-127-3056,138016,0736 Straubel Road,62,24
M,95-662-7185,106997,30 4th Way,14,33
M,70-579-8037,59410,7723 Lakeland Parkway,93,42
F,26-900-3277,130512,0028 Lake View Court,30,29
F,61-327-1198,89540,8553 Bunker Hill Road,38,28
F,33-874-2364,133871,0 Stoughton Pass,89,18
M,52-852-1577,72602,2 Dakota Street,60,19
F,86-131-1073,44424,0035 Vera Junction,43,21
M,43-219-5163,73371,342 Ryan Lane,54,42
M,58-249-1555,36401,2 Johnson Parkway,44,36
M,11-142-5098,77265,08 Orin Junction,42,25
F,29-063-2562,111404,20782 Iowa Pass,76,20
F,83-614-9786,90631,968 Nancy Street,90,35
M,29-828-6158,111417,5 Debra Drive,14,25
F,10-973-8418,58774,79 Mcguire Court,36,16
M,46-107-3719,102117,895 Old Shore Junction,4,42
F,89-905-0679,46193,45588 Carpenter Parkway,40,39
F,27-880-8499,80770,32 2nd Way,1,21
F,72-271-7251,116225,62 Eagle Crest Crossing,16,45
M,36-552-6067,82237,2876 Becker Plaza,24,25
M,35-487-7531,70756,86883 Bartelt Junction,27,35
F,02-899-9479,71490,31 Dovetail Place,64,21
M,07-735-4641,61873,35106 North Parkway,23,41
F,98-976-9153,56510,42809 Summer Ridge Plaza,41,22
M,38-658-3997,22945,82773 Golf Course Avenue,99,17
F,86-870-5726,57926,92987 Packers Circle,12,27
F,69-620-3341,104212,80 Roth Park,51,32
M,77-794-8388,111176,92 Portage Parkway,24,28
F,60-539-2819,126614,949 Brown Pass,92,44
F,39-511-7529,74721,672 Troy Road,70,25
F,24-952-3362,114681,730 Dapin Trail,44,24
F,32-397-1602,136492,682 Fisk Junction,30,24
M,93-862-3074,137859,539 Pearson Pass,64,18
M,25-971-9740,38771,80 Arrowood Court,7,17
F,72-003-2225,99156,254 Almo Avenue,41,18
M,54-190-2605,147280,88 Bartillon Way,52,33
M,31-061-8176,147172,525 Main Street,3,43
F,53-553-8045,138540,0 Columbus Avenue,63,24
M,64-656-5903,29001,49542 Mallory Court,2,19
F,66-194-1007,27109,08877 Mockingbird Hill,21,18
F,38-331-1724,72510,4 Jenifer Alley,19,41
M,58-447-3040,68031,78576 Pine View Trail,96,37
M,50-291-3625,65540,52 Maple Wood Court,73,24
F,80-928-5664,109934,6 Schurz Alley,95,31
M,09-447-1001,36438,72289 Northview Park,17,43
M,95-124-5916,138812,01 Emmet Street,72,32
M,87-076-6060,128442,2975 Colorado Pass,98,29
M,37-302-8178,69558,3553 Westerfield Trail,85,29
M,50-601-8415,49907,46 Logan Terrace,90,43
M,21-449-3456,26282,533 Thompson Drive,52,16
F,31-965-9685,97513,72922 Roth Trail,7,24
F,19-472-8057,115680,2917 Hagan Trail,76,17
M,14-666-5612,78804,229 Lillian Plaza,77,42
M,55-122-2336,47449,2 Corscot Way,57,35
F,95-521-4129,54701,62942 Kingsford Circle,7,35
F,02-568-6608,146792,06 Melody Lane,8,16
M,88-369-3878,22855,67613 Summer Ridge Avenue,73,44
F,91-963-2235,92624,0 Evergreen Parkway,89,28
M,06-352-1540,90593,924 Summit Avenue,70,42
M,58-146-2186,91395,70 Morningstar Avenue,28,23
M,88-878-9888,20678,626 Green Street,16,23
F,21-329-2663,22788,2830 Gerald Avenue,13,44
M,13-830-1149,28944,0 Dayton Park,39,36
M,13-005-2893,104229,085 Jackson Lane,12,16
F,61-147-9317,97502,4 Eggendart Alley,47,23
F,86-455-3910,81015,72 David Place,29,36
F,16-509-3458,28322,78 Derek Park,55,36
F,94-484-3878,50458,814 Trailsway Crossing,40,45
F,04-051-3606,66153,0 Eliot Street,55,23
M,99-153-3311,141694,6 Bultman Lane,41,16
F,08-712-1814,109522,1251 Norway Maple Lane,32,29
F,99-662-5136,114091,0877 Pankratz Terrace,11,38
M,52-722-8274,79937,301 Elmside Avenue,93,19
M,94-530-0244,21751,96214 Florence Terrace,23,20
F,70-908-1398,76777,301 Tennyson Alley,85,23
F,20-016-0047,73772,92 Village Street,45,23
M,67-578-1053,111478,60048 Nevada Parkway,15,33
M,62-806-1296,95677,50 Forest Run Junction,76,24
M,57-224-4779,52818,1 Parkside Park,61,32
F,68-633-6554,143973,219 Boyd Alley,56,43
M,49-560-5167,121634,3 Fremont Hill,40,22
M,48-832-7366,76232,77 Transport Parkway,35,17
F,96-723-5398,34171,21078 Muir Way,99,17
F,63-146-7696,84721,1576 Heath Center,56,36
M,49-366-1972,146083,0883 Dunning Crossing,38,38
F,47-195-5985,134832,226 Dunning Point,64,43
M,12-344-3023,80385,3155 Green Ridge Place,29,25
M,74-324-0789,115522,451 Bluestem Lane,96,19
F,67-642-1817,71361,83860 Autumn Leaf Court,94,38
M,34-089-3518,127847,453 Corscot Avenue,97,45
M,92-294-8117,78378,312 Charing Cross Center,51,39
M,27-799-6997,116059,02 Carey Road,84,17
M,34-199-6612,111112,8249 Village Green Point,1,39
M,28-175-5423,102779,0 Towne Pass,78,45
M,82-551-7300,63466,98 Mendota Road,72,40
F,58-422-4376,104697,2 Troy Hill,84,30
M,77-282-6186,122062,3254 Troy Plaza,96,18
M,01-301-9326,42407,1 Darwin Road,33,40
F,89-810-5748,71129,30 Washington Junction,33,40
M,18-436-4584,106637,2756 Lunder Junction,23,40
F,05-553-5499,38306,884 School Center,29,27
F,47-600-4723,142202,61 Prairieview Trail,52,23
F,23-139-1802,127723,15 Marcy Hill,83,40
F,66-853-7980,140303,17049 Linden Road,48,31
M,34-125-6131,129365,690 Northport Plaza,72,38
M,11-328-5451,122303,88 Debra Lane,66,45
F,13-222-3420,32349,08847 Dottie Street,92,27
M,77-873-4325,68304,8598 Hoepker Place,21,38
F,67-604-3760,68678,79054 Annamark Point,37,34
F,46-236-3937,116485,28604 Sachs Lane,9,18
M,37-180-0422,134432,039 Erie Junction,100,25
M,87-102-9762,139492,01503 Express Street,68,19
M,18-147-8089,100783,506 Delaware Avenue,67,28
F,38-934-2431,20514,94273 Fairfield Terrace,72,16
M,40-322-0697,111312,76 Logan Center,19,45
M,88-855-7492,26602,22 Menomonie Avenue,76,16
M,45-663-4216,134387,7222 Porter Plaza,52,31
F,37-853-2777,117060,33 Kropf Circle,54,18
M,64-837-6648,141690,89 Morningstar Hill,94,45
F,17-448-0552,74621,9674 Shopko Circle,14,29
F,81-141-2998,46793,2264 Porter Point,41,24
F,42-334-5273,145281,14940 Jenna Center,81,31
M,74-950-8017,95719,88 Lakewood Trail,82,34
F,69-071-6478,117157,7 Delaware Avenue,65,36
F,19-438-2588,90700,4 Shopko Terrace,37,22
F,87-122-7992,102992,94449 Erie Street,36,32
F,06-184-0844,109119,71141 Messerschmidt Hill,75,25
M,83-729-5671,86240,19544 Kingsford Parkway,56,21
F,97-139-7389,58790,97 Lighthouse Bay Circle,90,20
F,24-518-2926,132257,775 Hanson Pass,69,31
M,92-036-7852,38186,4 Division Center,68,35
M,68-630-7970,78548,4097 Portage Park,91,27
F,09-707-2651,73594,82355 Esker Point,56,35
F,21-699-9156,53041,053 Rowland Park,21,30
F,29-324-1834,96364,1 Schiller Place,100,30
M,92-588-6371,31101,5 Eastwood Street,53,20
M,03-270-4366,71480,8688 Riverside Way,88,43
M,43-388-9100,98403,47 Paget Center,81,17
F,47-451-8339,57915,718 Westridge Plaza,52,20
F,30-802-6610,62205,08862 Merry Center,8,45
F,76-720-0939,138891,809 Clyde Gallagher Point,82,40
M,10-935-2789,31096,8465 Elmside Park,70,43
M,81-997-5084,87138,73422 Luster Court,57,33
M,21-001-5841,56850,3734 Sutherland Hill,65,43
F,55-103-0049,53304,689 Park Meadow Place,45,19
F,70-583-3774,49505,63372 Tennyson Road,1,27
M,33-617-6338,124545,401 Vernon Crossing,40,20
M,12-586-2638,145457,20932 Mallard Street,15,21
M,56-007-9832,56398,447 Schlimgen Place,52,42
F,49-433-3223,130842,19 Acker Way,28,39
F,66-002-8451,116650,28612 Barnett Alley,13,36
M,66-658-4666,107003,242 Dapin Avenue,18,32
M,51-376-8888,27142,85 North Parkway,81,21
F,25-965-5528,53198,02219 Mallory Place,5,35
F,41-235-8751,26313,11 Gerald Court,18,40
M,57-447-3538,134191,88 Nelson Circle,41,32
F,93-458-0298,140790,4630 Paget Plaza,44,40
F,09-486-8498,21108,07602 Iowa Parkway,42,38
M,72-531-1231,78850,3677 Kingsford Trail,98,36
M,10-137-5497,23222,88 Waubesa Alley,27,25
F,17-729-9752,148573,06456 American Junction,63,22
F,64-178-0093,101584,55481 Forest Run Junction,85,26
M,53-113-1582,23910,174 Caliangt Park,49,45
M,77-675-4161,144646,6 Farragut Point,13,38
F,13-020-6808,70108,103 Glacier Hill Street,46,33
M,70-743-3101,133919,96931 Bluejay Crossing,68,34
M,22-214-6761,69270,72790 Grim Avenue,73,30
M,20-945-4177,60586,8 Twin Pines Plaza,92,30
M,35-016-0655,104803,81758 Westend Avenue,67,22
M,91-620-2178,87216,1 Transport Pass,84,36
M,60-381-3784,121363,06 Schlimgen Court,20,40
F,44-346-4525,111793,1590 Harbort Trail,44,19
M,87-698-3951,48262,4841 Anderson Drive,65,30
M,66-695-5048,141701,480 Prentice Point,18,35
M,55-127-7886,142946,5 Prentice Parkway,22,42
M,81-342-8605,117165,98489 Upham Hill,64,34
F,72-902-0080,131552,6507 Chive Trail,42,44
M,76-191-0296,23279,73866 Lyons Pass,38,20
M,45-145-5024,60457,29215 Orin Place,38,32
F,32-764-4729,30091,0841 Jay Plaza,15,22
F,44-945-2600,107851,6 Northridge Lane,31,26
M,32-538-9488,21553,20681 Mosinee Park,78,21
M,09-355-8896,28994,55 Kings Street,21,38
F,65-715-1480,104101,6804 Annamark Court,15,28
F,04-119-8723,51279,3 Del Mar Way,94,40
F,32-591-1555,117403,10 Autumn Leaf Avenue,48,23
F,31-672-1660,38612,5 Duke Point,85,38
M,27-150-3434,90030,5 Judy Hill,5,44
F,02-548-4746,76215,70108 Loftsgordon Pass,63,18
M,56-793-0771,50418,29909 Holmberg Way,66,19
F,72-680-3845,128544,01857 Fisk Circle,30,21
F,06-447-9410,66157,395 Maple Place,24,23
F,73-059-4930,32735,5994 Spohn Lane,23,20
M,38-583-6592,108293,4 Warner Circle,23,28
M,66-305-1637,122314,281 Glacier Hill Plaza,25,16
F,23-958-4548,25441,3139 Springview Center,72,25
F,22-243-6097,117224,831 Novick Street,82,25
F,52-698-1097,134980,4 Pleasure Plaza,71,37
M,11-715-7187,89363,42478 Dottie Trail,94,34
M,13-213-4720,96946,4 Meadow Vale Park,13,31
F,12-960-6310,69169,5482 Dorton Pass,29,16
F,32-579-2395,85014,85802 Sugar Place,31,33
M,88-579-8201,104716,5 American Ash Crossing,23,41
F,82-624-2456,34232,8 Lawn Plaza,34,41
M,92-065-9756,100114,311 Elmside Parkway,87,16
F,23-275-9334,76604,04686 Spaight Junction,93,16
F,77-553-5138,89235,436 Nevada Place,22,34
F,67-110-2143,25349,85 Mesta Trail,54,38
M,98-723-9678,147231,84 Browning Pass,89,27
M,93-293-2798,75680,79520 Rutledge Trail,79,38
F,95-778-8804,65661,5376 Bay Trail,73,34
M,78-925-1875,100878,6 Mayer Pass,48,16
F,57-443-2567,128788,26 Banding Court,44,17
F,92-579-9498,72254,17972 Susan Crossing,98,21
M,13-549-7289,146779,566 Nova Terrace,95,19
F,66-170-0334,119465,288 Sauthoff Way,87,32
F,22-019-6551,69324,8676 Sunbrook Court,65,36
M,38-411-5698,111275,16 Dottie Lane,17,18
M,23-778-8978,21939,599 Vahlen Center,65,20
F,58-258-3629,128890,06 Knutson Trail,65,37
F,87-008-6662,98497,68383 Kennedy Place,18,35
F,60-161-6281,53123,43 Westerfield Lane,31,21
F,69-083-2643,148376,062 Banding Alley,2,42
M,08-579-4899,39845,33279 Birchwood Point,61,36
F,70-055-1786,80881,6888 Elka Terrace,16,19
F,54-419-6920,81141,24 Sunfield Junction,24,26
F,34-490-8840,80991,9 Brown Crossing,1,16
M,66-205-7772,79319,9 Golf Road,32,33
F,50-481-7172,105275,9745 Tomscot Avenue,25,36
M,89-525-2351,66161,47 Center Road,18,33
F,59-923-3791,20250,4 Oriole Lane,76,35
F,68-563-9579,98479,2 Cherokee Center,17,34
F,50-781-9652,94170,54 Luster Point,96,43
F,11-736-3399,70765,5862 Grasskamp Alley,55,42
M,78-519-7857,145771,937 Bay Drive,49,41
F,38-308-5214,134280,3009 Florence Way,15,40
M,03-273-3672,87680,74298 Ohio Terrace,46,42
M,25-837-0745,47430,426 Nelson Place,18,20
M,23-986-2791,59678,4073 Express Hill,77,19
M,63-941-9299,110016,00719 Hoard Junction,15,34
M,20-539-5552,137560,8 Brown Circle,70,30
F,14-689-0387,97757,7173 6th Hill,83,21
F,60-329-2252,87594,27 Monterey Way,19,35
F,50-489-4095,22129,2 Almo Junction,18,38
M,17-689-0699,133365,975 Sherman Crossing,54,43
F,43-555-2243,47092,10 Birchwood Lane,27,41
M,12-886-7851,148616,6440 Loeprich Terrace,42,31
M,58-756-5094,127843,38475 Northfield Terrace,91,23
M,24-497-5881,44940,4309 Rusk Plaza,42,24
F,15-514-6277,103816,77909 Lyons Trail,78,21
M,65-156-6808,102265,34 Northview Hill,97,20
M,01-994-9274,104170,45853 Linden Trail,5,20
M,44-541-4071,33099,370 Bashford Park,71,28
M,90-647-4949,70615,34755 Di Loreto Circle,67,33
F,22-462-5138,66119,037 Barnett Lane,25,40
F,49-691-9735,85507,84072 Nova Court,6,17
M,62-115-5527,45782,69 Loomis Plaza,95,31
M,76-295-7157,59352,202 Parkside Terrace,3,43
F,32-807-5912,65110,8 Warner Pass,80,44
F,52-189-3307,88552,04567 Anthes Terrace,43,45
M,52-827-0976,47118,515 Amoth Avenue,28,32
M,37-487-5792,36722,7878 Canary Lane,85,27
M,30-091-3931,20487,7 Gateway Circle,54,27
M,86-257-3419,121735,758 Paget Point,87,33
M,09-741-0314,59826,960 Barnett Hill,81,42
F,00-777-2556,116676,96 Golf View Place,57,44
M,40-207-6972,114921,0 6th Trail,71,18
F,58-961-4817,97997,56342 Forest Run Drive,32,44
F,84-328-4930,128858,69 Spaight Park,25,27
M,48-147-2124,60243,66 Gina Center,54,28
F,14-339-4969,47714,11 Lyons Lane,75,33
F,84-531-2807,134423,32645 Sutherland Terrace,41,19
F,43-290-5166,112943,083 Walton Center,24,41
F,61-415-8685,50804,58552 Kipling Crossing,32,28
F,64-298-2701,74461,97404 Moose Point,60,32
F,97-703-6428,72873,6 Summerview Court,35,27
M,43-674-3633,53770,6587 Sunbrook Center,54,43
F,12-422-8751,145110,38 Northridge Terrace,3,23
F,92-285-8241,138340,4 Village Road,44,24
F,39-804-5467,40928,70 Spenser Plaza,20,36
M,81-712-8297,28881,6686 Golf Course Trail,48,45
F,42-728-7795,69182,99 Harper Trail,25,40
F,80-465-5873,149532,43 Erie Alley,72,21
F,03-714-7783,38382,14 Toban Point,60,27
M,23-798-0553,50439,9 Barby Hill,36,39
F,26-884-8738,43231,39 Truax Crossing,66,41
F,14-008-7710,131327,245 Sunnyside Crossing,74,42
F,87-481-0175,132348,667 Ludington Park,79,16
F,56-098-3579,122909,95715 Hollow Ridge Hill,88,22
F,67-420-0024,91419,012 Summit Place,82,22
F,37-528-8212,87723,10 Hoard Junction,17,31
M,47-637-6261,141377,81 Mayfield Parkway,85,31
M,16-991-1369,78332,248 Milwaukee Trail,41,32
M,31-419-6573,73850,2 Ridge Oak Road,87,27
F,24-245-2373,49195,44744 Oakridge Drive,84,39
M,98-434-4385,84372,92 Grover Junction,28,22
M,74-068-7996,25236,85 Columbus Parkway,31,29
M,17-966-4399,83638,8 Golf View Avenue,59,44
M,37-418-4988,120624,23046 Stang Court,50,31
M,07-758-0302,116846,8 Hudson Place,84,19
F,88-171-2781,76297,533 Mccormick Point,99,44
M,97-799-0701,116427,52376 Dennis Crossing,3,34
F,17-578-8063,78350,0925 Burrows Terrace,79,22
F,88-867-5288,40031,0 Lakeland Street,3,25
F,89-701-3772,83636,7 Loomis Court,67,17
M,16-333-1244,57574,1904 Pearson Lane,72,21
F,35-182-3470,55035,98234 Nobel Center,36,39
F,80-512-6819,27938,7 Di Loreto Alley,67,31
M,19-768-9345,115200,73036 Schlimgen Circle,34,45
M,41-622-0669,106861,866 Warrior Pass,46,34
F,63-493-6730,27744,806 Nevada Point,78,32
M,72-201-4883,22678,0060 Crowley Crossing,23,22
F,41-855-5977,100271,40 Buena Vista Hill,40,28
F,27-574-6913,72942,8782 Walton Circle,51,27
M,37-450-5396,99136,634 Hansons Trail,60,41
F,67-297-4075,58913,528 Fallview Way,11,24
F,00-101-9562,93709,25543 Del Mar Crossing,47,23
F,05-747-1136,76136,26 Corry Trail,34,22
M,05-999-6083,76555,4 Waxwing Road,9,41
F,61-434-2887,53029,59981 Laurel Alley,8,35
F,06-672-8045,88992,13058 Killdeer Avenue,60,32
F,86-625-5487,140892,82057 American Pass,51,27
M,75-738-5035,139211,5 Ilene Hill,66,33
M,44-946-2606,106247,915 Lien Place,89,45
F,78-498-2425,58508,0891 Granby Street,25,31
M,20-772-1997,137624,6756 Hudson Pass,30,29
F,95-659-8895,98902,32 Loomis Junction,83,31
F,97-775-5038,21105,250 Meadow Ridge Circle,69,42
F,34-619-2157,39036,542 Park Meadow Road,43,42
M,05-744-1892,66076,6073 Bashford Way,31,23
F,57-379-9169,129963,3 Debs Street,1,35
M,60-617-6478,56581,26422 East Place,78,22
F,60-664-8175,60117,891 Hoepker Trail,38,33
M,83-676-8203,132181,7 Union Circle,64,21
F,58-613-1304,79743,1 Toban Hill,32,38
M,87-579-1311,98289,2 Dahle Street,2,17
F,12-272-1787,125791,91 Northwestern Park,43,23
M,05-196-2053,99751,05304 Moulton Trail,81,44
M,68-957-2787,25933,4 Hoepker Point,34,18
M,17-309-3150,47473,2 Declaration Trail,84,21
F,89-803-1260,88089,007 Pearson Park,33,32
F,37-038-8093,141140,17578 Grayhawk Road,84,45
F,24-013-4917,22895,69175 Melrose Parkway,87,41
M,37-742-3082,72391,7 Karstens Way,52,27
F,01-451-6600,132755,54 Bonner Place,72,40
F,21-153-8361,70047,4 Loeprich Center,54,16
M,22-013-4249,149799,894 Sheridan Circle,21,43
F,07-461-0853,126458,68185 Reindahl Parkway,51,26
M,47-645-7925,45762,0 Golf View Parkway,24,18
F,71-738-2908,48547,5004 Algoma Lane,74,44
M,19-221-6847,55747,309 Washington Center,97,33
F,90-137-0802,62162,438 Spohn Center,76,35
F,70-969-9745,28538,8941 Arrowood Street,59,37
M,92-120-6875,100825,9092 Longview Plaza,79,32
M,63-087-8273,55109,07 Upham Alley,75,33
M,05-612-1334,49570,4 Pierstorff Junction,43,38
F,17-249-4613,82976,94920 Monterey Trail,35,35
M,12-752-7962,81038,92 Mcguire Street,52,45
F,14-551-7299,39118,019 Summerview Crossing,43,21
F,97-707-5863,72391,887 Onsgard Pass,5,34
F,77-562-8196,24673,4589 Stephen Place,83,40
M,11-918-5555,107995,27670 Oak Valley Junction,97,41
M,47-889-1935,113419,96 Eagle Crest Alley,18,31
F,77-395-8107,73488,557 Sugar Court,54,26
M,34-448-5776,129369,3 Raven Trail,8,30
M,07-086-7966,35179,9330 Chinook Pass,78,29
M,09-377-6670,100412,53 Claremont Street,43,30
F,31-503-6323,87391,566 Springs Terrace,56,25
F,96-977-2469,123196,07 Reinke Point,29,44
F,18-891-9589,84169,30778 Mendota Pass,69,27
M,79-601-8841,71232,14090 Fisk Junction,56,41
M,01-590-7291,110128,987 Mandrake Street,69,19
F,42-153-0469,62372,156 Pond Center,31,32
F,31-196-6679,124951,50 Fuller Court,10,36
F,75-385-0030,130999,4 Meadow Ridge Place,5,26
F,12-896-6249,105645,99682 Corben Terrace,63,23
F,76-261-3276,149290,28 Burning Wood Pass,69,21
M,47-453-1978,81285,776 Oakridge Plaza,4,32
F,99-772-7630,59924,1 Bartillon Junction,100,24
F,63-280-2803,70652,1846 Petterle Crossing,28,30
M,37-296-1363,58203,62 Declaration Terrace,52,40
M,13-579-4603,30238,1 Swallow Pass,23,20
F,26-111-7171,100856,04 Atwood Lane,78,42
F,40-498-3965,24856,37 Esch Drive,95,45
M,92-451-6059,131888,74205 Everett Lane,15,40
F,42-986-4521,102890,55521 Muir Alley,28,32
M,14-608-2211,66374,3926 High Crossing Parkway,61,27
M,16-812-9403,57279,208 Delladonna Park,1,39
F,37-965-0604,41744,027 Bowman Point,48,23
M,14-631-3695,42341,2 Towne Way,21,24
F,29-098-7342,134340,3491 Anniversary Alley,89,22
F,30-435-5135,116846,336 Gulseth Drive,48,38
M,65-246-9007,108161,475 Dunning Lane,59,17
F,74-944-6777,80307,63 Springs Trail,66,33
M,14-103-8170,94711,2077 West Road,38,21
M,46-908-1357,34903,449 Gerald Junction,34,28
F,67-015-0631,126383,67516 Dixon Hill,56,30
M,18-867-9964,147384,0030 Stone Corner Terrace,19,17
M,43-992-2116,120495,53 Nelson Crossing,67,43
M,13-109-7216,36041,57 Paget Point,82,21
M,29-986-5759,103632,37535 High Crossing Alley,87,23
F,60-037-6180,47996,75719 Nancy Court,46,24
F,82-503-6623,122741,21 Utah Circle,15,45
M,45-960-8970,136635,9390 Karstens Park,87,42
F,64-871-6562,58376,72 Maple Wood Plaza,60,36
F,31-879-7457,73306,45 Bowman Point,21,30
F,61-380-1797,50319,8562 Lakewood Gardens Way,96,28
M,44-928-8922,63711,78 Rusk Junction,36,32
F,93-961-8996,42966,604 Gulseth Circle,44,45
F,33-513-7673,89832,1 Goodland Center,25,17
F,44-682-8856,103402,6 Tennyson Street,58,38
M,95-757-2855,39585,69 Westend Parkway,95,40
M,67-734-4160,104417,1 Maywood Street,82,32
M,78-734-3730,35141,777 Maywood Hill,43,36
F,03-743-2537,78753,16 Becker Road,59,45
F,87-220-9150,96422,76 Glacier Hill Place,66,19
F,50-359-2402,34097,3877 Nobel Avenue,83,40
F,21-549-6551,97235,2951 Commercial Park,91,18
M,13-958-3330,72584,51184 Lukken Trail,49,31
F,08-526-8307,139052,857 Sutherland Parkway,83,39
F,29-515-9078,136133,5889 Sunfield Center,37,24
M,16-314-4519,82946,65590 Comanche Terrace,28,44
M,67-549-9268,124182,59478 Eastwood Trail,79,35
F,25-341-6736,147777,72 Towne Way,66,31
F,50-880-6167,58742,7 Dayton Parkway,59,42
F,83-755-8469,84143,96 Havey Alley,93,35
M,21-475-9094,29646,05086 Merry Place,88,33
F,18-284-1783,132864,06961 Marcy Lane,81,33
M,66-342-1682,103143,2 Claremont Plaza,84,28
F,14-029-6693,73315,355 Cascade Trail,84,44
F,26-785-0014,94507,7 Manley Center,40,31
F,30-642-2472,42844,20361 Arapahoe Park,44,26
M,09-376-5262,38184,580 Sheridan Crossing,81,23
F,98-888-0939,31069,7818 Prairieview Plaza,87,18
M,21-096-4815,121401,3 Merchant Parkway,12,41
F,72-568-5359,134895,8191 Manufacturers Parkway,47,36
F,54-914-6608,149669,90021 Beilfuss Park,79,27
M,16-143-3388,25065,20 Havey Street,68,17
M,11-767-8757,54915,8 Commercial Circle,42,21
F,32-779-3514,25427,6 Farwell Lane,37,21
F,66-018-1190,89772,60 Village Green Avenue,14,25
M,59-304-3961,76677,599 Dwight Trail,68,18
F,16-362-3741,62836,8084 Kim Street,13,40
M,06-742-4366,118825,9574 Warner Way,73,40
M,22-548-4470,96223,2 Veith Avenue,26,22
M,88-745-1815,47438,01127 Cordelia Junction,68,31
M,63-618-4874,145135,29 Maryland Lane,43,23
F,55-582-7035,121761,85 Golden Leaf Point,23,26
F,35-153-4358,98445,24 Gina Center,2,43
M,09-373-7500,81103,39633 5th Crossing,26,28
F,72-558-9338,21555,31 Beilfuss Crossing,96,29
F,67-772-1489,138554,68 Vermont Trail,63,23
M,86-208-6609,48125,17 Chive Trail,72,39
F,28-032-1119,32238,596 Atwood Circle,71,44
M,94-124-1680,129403,10789 Messerschmidt Way,53,32
M,89-998-8511,129891,120 Manitowish Drive,55,23
M,68-860-7369,132795,8832 Cascade Trail,3,21
F,04-708-6297,128576,940 Division Crossing,19,17
M,91-364-2345,70682,2500 Dennis Avenue,34,33
F,53-542-0734,135071,88 Swallow Terrace,66,31
M,03-713-6729,142620,32 Morningstar Point,59,43
M,29-507-6266,50847,1 Quincy Hill,44,34
M,55-510-9273,60514,08618 Summer Ridge Street,31,36
M,69-552-8940,57380,32291 Sutteridge Pass,34,38
F,13-535-8595,138303,70 Northridge Plaza,54,25
M,99-403-4387,41154,53 Hansons Road,70,40
M,58-324-2490,139400,784 Bunting Pass,85,33
F,30-133-1152,102096,6 Village Green Junction,53,16
M,91-100-8832,120065,4 Northland Crossing,16,27
F,27-107-5603,108914,337 Old Shore Place,17,30
F,93-707-2354,105273,3850 Esker Point,5,38
F,01-668-2200,105208,2836 5th Plaza,54,41
F,17-251-3414,84659,41105 Troy Park,69,36
M,06-213-5647,127224,54694 Golf Course Park,25,27
F,32-026-1968,135333,69933 Rowland Junction,18,33
M,38-981-6123,133187,2920 Acker Lane,41,31
F,44-129-6095,100267,8 Donald Alley,70,34
F,65-136-4873,117373,229 Hermina Terrace,38,34
F,50-636-2123,68656,1 Sullivan Way,96,18
M,96-862-8133,57071,017 Stephen Terrace,68,45
M,32-588-0659,72437,73 Vera Place,39,33
F,53-459-5334,92405,4985 Vera Avenue,13,33
M,24-548-7806,63420,0 Loomis Pass,17,43
F,69-251-5219,39420,603 Caliangt Hill,82,42
F,27-376-8251,42515,0 Northview Parkway,54,23
M,37-697-2641,105201,3563 Hanover Pass,88,30
F,57-649-1820,94433,36 Hoffman Pass,16,30
F,15-123-2728,54255,7 Donald Terrace,67,42
F,82-109-0637,78813,93827 Buhler Pass,84,44
F,18-666-1525,119120,4215 Sugar Point,28,25
M,49-143-3166,55797,82326 Monica Road,18,40
F,12-895-8249,43722,466 Buena Vista Alley,62,32
M,35-708-3564,75945,3 Scofield Road,28,16
M,90-281-7947,96234,9029 Green Ridge Court,22,21
M,31-692-6745,84561,0669 Bartelt Circle,85,30
F,56-243-3688,119593,3 Elmside Terrace,86,33
F,50-001-8516,132601,94 Spohn Center,14,36
M,78-885-6687,84060,5 Amoth Pass,82,18
M,18-084-0287,42977,48023 Jenifer Way,12,30
F,71-647-6059,33602,97 Meadow Ridge Plaza,94,24
F,29-419-1770,42162,99725 Hayes Parkway,3,19
M,90-942-4738,64713,87 Macpherson Lane,26,40
M,49-783-2259,145301,60729 Fieldstone Terrace,86,29
F,22-998-4710,87170,32132 Transport Circle,7,28
F,03-195-9580,77252,2217 Prairie Rose Street,76,21
M,64-755-2017,110868,5 Pennsylvania Lane,67,42
F,05-037-2842,48808,90 Village Green Park,6,34
F,61-428-9270,58390,873 Pawling Alley,86,22
F,26-698-8240,83686,816 Lillian Hill,48,28
F,16-699-0702,108522,03433 Heath Plaza,82,23
F,13-556-0896,46092,229 Harper Hill,99,20
F,46-909-3041,55466,6122 Rowland Street,73,39
M,73-457-6682,75642,12 Hansons Street,75,39
F,09-598-1152,56364,50 Prairieview Alley,92,24
F,91-319-9179,87184,4 Briar Crest Place,13,36
F,89-496-7437,33506,8201 7th Point,66,36
F,78-518-2485,147412,32 Northfield Road,84,35
M,39-452-5571,20289,2766 Dovetail Hill,74,22
M,78-422-5164,74587,162 Crescent Oaks Center,92,43
F,83-314-4057,41561,18 Mcguire Lane,52,24
M,58-906-3562,63816,1034 Ruskin Lane,98,34
F,06-185-0171,50973,09382 Helena Lane,80,40
F,65-814-9221,83868,6330 Sundown Center,3,29
F,08-418-3994,53291,463 Goodland Road,67,44
F,46-730-6268,146810,765 Cascade Court,65,34
M,90-478-8344,129249,9 Arrowood Way,35,31
M,27-078-6891,86208,04563 Logan Road,58,18
F,41-897-5009,42056,9114 Bartillon Trail,37,16
M,63-240-9575,74236,54 Center Trail,43,21
M,26-583-9970,78237,9765 Kipling Junction,61,16
F,93-638-8913,130412,568 Dunning Avenue,51,29
F,98-695-4500,46979,7 Schmedeman Road,93,44
F,51-203-7104,100643,440 Ruskin Trail,67,33
M,92-000-3837,102650,5 Vernon Avenue,71,37
F,01-914-0476,45373,2038 Waubesa Lane,15,26
F,96-793-8054,93763,18 Moose Parkway,9,37
M,60-456-1411,28179,2 Oriole Alley,95,36
F,21-092-8858,136739,842 Cottonwood Pass,6,17
M,43-958-7312,122644,68321 Corry Drive,68,45
M,66-914-0313,35100,1 Meadow Valley Hill,50,17
M,49-655-1303,52773,51 South Road,18,18
M,50-849-9480,59833,54 2nd Park,100,38
M,26-294-5167,134274,50993 Johnson Center,95,25
M,88-499-1870,122316,4861 3rd Point,44,43
F,81-655-6788,90494,283 Talisman Parkway,2,29
F,63-785-9088,146271,0 Prairie Rose Junction,25,37
M,66-387-5425,101609,4 Buhler Point,10,32
F,22-401-5019,83221,619 Straubel Drive,10,16
F,82-578-4144,97486,20 Hanson Court,12,27
F,66-665-5568,36150,2649 Sommers Street,97,28
M,33-822-0030,35016,98 Becker Court,26,34
F,11-168-4745,136473,12 Gina Court,64,37
F,41-814-0837,110987,5753 Nelson Center,63,30
M,76-594-5036,37194,508 Havey Drive,2,45
M,90-044-8731,24229,94738 Canary Junction,41,32
F,31-156-3187,22985,71019 Buell Plaza,88,19
F,16-409-4329,63872,899 Hazelcrest Plaza,87,22
M,40-373-1326,36604,7101 Lillian Drive,50,31
F,00-188-7277,146436,61823 Forest Dale Court,48,40
F,51-708-5055,59803,57 International Center,77,17
F,31-783-5852,117968,0793 Moose Road,23,28
M,29-567-4168,54081,4 Lakewood Gardens Lane,8,20
M,43-033-8949,138487,78706 Burning Wood Way,100,18
F,21-525-8075,142354,10 Monterey Terrace,35,28
M,09-407-8998,115653,1228 Hollow Ridge Alley,96,24
F,81-515-7819,122089,0376 Surrey Crossing,63,44
M,11-618-6673,101000,033 Northridge Lane,37,33
F,94-082-2223,21642,55 Monument Court,94,23
M,29-161-4185,130875,2803 Stang Avenue,42,18
M,72-286-5770,62040,24 Grim Place,96,41
M,60-739-1360,55000,4 Springview Way,61,34
M,35-627-1128,120788,7928 Garrison Junction,13,36
M,19-303-7040,129735,668 Wayridge Alley,51,39
F,98-639-1216,100597,27 Clemons Court,23,30
M,86-948-7809,29546,85 Springview Way,48,38
M,51-022-5604,96894,42 Green Ridge Crossing,30,23
M,15-304-3318,27893,4178 Monterey Drive,81,34
F,53-337-7119,36883,00 Bartillon Plaza,27,27
M,53-927-8589,67211,9 Sutherland Court,68,34
M,97-955-3260,65090,758 Messerschmidt Drive,34,34
M,29-367-1636,62810,65 Karstens Hill,45,45
M,80-218-0374,76570,3550 Forest Parkway,58,34
M,16-541-7530,134917,449 Mcguire Plaza,2,36
M,69-745-8187,91969,667 Forster Junction,84,38
M,91-540-6034,64804,32 School Park,35,35
F,10-638-6088,135722,6625 Sundown Circle,18,45
M,81-252-7856,38084,934 Luster Street,76,16
M,70-182-1178,39906,75 Upham Road,13,37
M,40-038-6837,57153,625 Carberry Point,9,21
M,20-276-7921,78202,832 Bobwhite Plaza,4,41
F,26-295-9449,113500,522 Stuart Pass,2,42
F,98-081-6325,52702,8812 Corben Place,66,19
F,93-060-6643,90338,7 Northport Alley,63,27
M,74-673-0772,119298,4207 Hoard Trail,16,29
F,04-646-8537,69940,87 Brickson Park Lane,21,23
M,53-334-2657,47950,4 Armistice Road,100,28
M,89-511-1687,101245,3149 Green Ridge Place,10,28
M,13-945-1373,116955,1780 Porter Center,76,37
M,50-543-8932,86323,40 Washington Road,38,32
M,22-950-2726,73997,566 Tomscot Road,80,38
M,28-849-0986,58716,778 Old Gate Way,18,35
F,92-587-6590,36015,3657 Artisan Junction,15,31
F,27-435-4079,60233,51 Dryden Park,95,37
F,60-883-9102,106387,7 Nobel Park,8,45
M,20-162-9260,120478,74 Hanover Drive,63,29
F,18-821-0634,46035,9075 Granby Place,93,30
M,43-796-0750,68482,57164 Delladonna Place,32,17
F,10-274-5938,114459,36 Sutherland Point,90,37
M,02-058-0200,139186,52 Springs Trail,86,39
F,86-751-5015,72492,1070 Helena Way,94,18
F,65-108-0885,145651,194 Clarendon Road,30,30
M,48-270-7559,37516,7954 Bluejay Point,1,33
M,53-697-1786,43285,980 Dennis Point,89,31
M,36-313-8205,53404,8 Center Circle,45,41
M,80-191-0642,102218,641 Miller Point,11,43
F,74-368-4679,20207,882 Independence Plaza,36,34
F,70-322-2702,58173,39 Muir Alley,31,32
F,16-193-4217,104555,81575 Novick Court,35,32
F,55-788-4125,99838,0 Dottie Avenue,20,31
M,39-122-8800,77685,85 Kim Plaza,76,41
M,89-119-0346,77987,7232 Rieder Terrace,39,43
F,70-485-9947,146014,603 8th Trail,45,20
M,17-177-8508,127341,36760 Homewood Alley,73,26
M,10-419-0494,27880,71 2nd Plaza,67,37
F,84-968-2647,34417,7 Ohio Trail,82,22
F,91-059-0692,99566,1 Welch Trail,52,26
F,39-336-5720,81234,00 Bowman Drive,12,41
F,51-959-1338,79180,80 East Terrace,24,21
F,49-401-3989,144120,35 Stoughton Point,88,42
F,69-095-9705,56606,0521 Orin Terrace,44,43
F,28-349-0926,140216,440 Scofield Terrace,91,33
F,73-503-8638,130688,94 Columbus Way,60,29
M,93-460-6307,100741,079 American Street,32,39
F,01-954-4089,112098,42 Grasskamp Park,80,45
F,03-797-0608,39448,302 Oak Place,77,34
M,46-810-4110,138059,7119 Blackbird Center,75,43
F,37-876-6840,25950,160 Iowa Crossing,93,29
F,08-881-3692,63388,04 Chive Parkway,55,29
M,99-438-7413,100364,17 Carberry Lane,83,27
F,15-042-1947,55773,6399 Fairfield Avenue,64,45
F,08-659-6549,98940,400 Tennessee Junction,59,37
M,17-970-1748,71480,2866 Russell Crossing,88,44
M,80-997-0004,132067,09 Novick Circle,63,26
F,87-043-0040,69186,799 Eastlawn Hill,91,22
F,93-830-9513,69969,7 Bashford Court,31,38
M,37-378-1646,36998,8 Magdeline Alley,51,42
M,75-232-0046,89564,3 Dwight Way,35,27
M,63-728-4379,130720,6350 Esch Alley,63,37
F,60-302-9044,111577,50 Barby Drive,12,18
M,65-106-2260,123212,87 Kensington Street,64,20
M,50-033-6874,39478,099 Bluestem Crossing,45,34
M,06-589-1591,33905,7 Warner Place,60,23
F,03-383-3999,91128,8 Dexter Avenue,39,42
F,20-166-9057,44187,33627 Surrey Circle,59,29
M,54-668-3593,28848,4 Lerdahl Lane,10,43
M,66-499-7441,147883,2780 Valley Edge Point,8,43
M,04-537-2580,143858,50456 Warner Pass,75,30
M,61-782-9109,90955,70779 Artisan Junction,82,44
F,39-545-6175,83153,15073 Forest Dale Center,88,40
F,60-478-9445,41823,3189 Stone Corner Circle,26,43
M,67-916-0219,64254,8938 Prairieview Terrace,36,20
M,84-364-4201,132324,769 Superior Circle,67,17
M,77-910-1275,31249,90 Kingsford Pass,81,19
M,22-252-8371,33217,6225 Sugar Point,36,45
F,49-943-8103,56275,222 Dawn Crossing,27,18
M,23-350-5717,134935,30213 Forest Run Junction,22,18
M,08-760-0725,102447,97307 Sutherland Plaza,8,38
F,71-917-6800,52410,05 Rowland Way,30,35
M,76-325-7379,24375,57722 Ridgeview Court,6,19
F,47-692-1856,73832,3 Commercial Way,26,23
M,01-911-5953,86602,60 Anthes Circle,58,29
M,50-897-7168,102335,95661 Oxford Parkway,11,23
M,61-163-1274,96176,9681 Anniversary Parkway,70,45
M,88-664-2413,48454,7 Fremont Park,72,39
F,22-772-7249,144619,2968 Banding Terrace,49,29
M,46-835-5003,64431,4 Haas Avenue,92,24
F,22-959-1019,75161,8 Vera Road,46,21
F,67-714-8815,51073,3486 Columbus Plaza,34,45
F,50-385-9886,60037,21275 Troy Lane,5,42
F,67-267-5479,146222,0 5th Terrace,2,28
M,06-730-7451,62562,412 Surrey Lane,71,27
F,68-726-9437,36755,02998 Stone Corner Junction,10,32
F,33-662-8518,130225,7 Fieldstone Alley,1,31
M,08-136-5743,85957,30594 Crowley Junction,54,31
M,20-845-0271,134322,386 Armistice Junction,23,44
F,87-003-9314,67092,6 Annamark Place,50,31
F,80-162-3789,135945,79822 Roxbury Crossing,19,18
M,95-902-6195,100846,9443 Gateway Hill,21,44
F,98-282-7223,96014,9952 Merrick Court,53,21
M,12-530-4407,37783,9624 Jana Pass,62,26
F,72-611-4140,31558,9904 Service Drive,90,32
M,68-138-9818,93709,1539 Eastlawn Road,97,18
M,33-481-2060,51838,9335 Fremont Pass,49,20
M,93-667-1884,82205,5 Fallview Lane,27,25
M,09-394-7674,144360,17704 Maryland Way,18,33
M,09-249-3879,104689,38096 Hudson Alley,64,24
F,07-543-7619,70320,98315 Pennsylvania Court,95,17
F,68-830-6351,126910,13054 Portage Center,45,38
M,18-094-5768,96286,23813 Claremont Place,38,17
F,11-610-9955,65337,630 Onsgard Lane,46,25
F,27-112-3986,112534,3 Melrose Court,41,30
F,70-048-2752,59979,260 Saint Paul Crossing,58,42
F,99-553-5459,92912,95 Oak Center,64,27
F,20-416-0432,141463,4964 Sherman Crossing,17,45
F,17-701-2215,131136,8 Fremont Road,54,16
M,11-395-8412,108295,17 Fuller Avenue,17,25
M,71-184-7942,23779,5 Luster Trail,23,42
F,39-157-9922,68292,0143 Sloan Trail,82,43
F,04-987-9989,44016,06252 Lerdahl Point,92,27
F,66-380-6306,41049,42888 Mandrake Drive,77,40
M,42-297-4640,127113,67052 Weeping Birch Park,49,36
F,12-100-0969,46824,455 Blackbird Hill,67,24
M,14-965-8191,50667,667 Oakridge Terrace,94,25
F,19-044-9521,32701,6448 Blackbird Terrace,79,22
F,28-401-3536,64671,19947 Rutledge Court,18,45
M,47-047-6957,107563,410 Southridge Road,4,21
F,64-403-0662,40665,37 Morrow Hill,86,27
F,94-931-6362,107719,8167 Fremont Junction,17,25
M,71-751-4446,22188,379 Blaine Terrace,84,29
M,69-040-0148,133039,52725 Hagan Crossing,27,26
M,70-498-5811,100121,4 Crownhardt Crossing,96,41
F,47-743-2866,92631,7 Bobwhite Lane,24,41
M,14-527-7462,24243,230 Oak Center,63,34
M,16-493-6273,142257,14 Trailsway Hill,26,41
M,31-524-5313,46109,5 Thierer Terrace,91,25
M,32-913-2606,136461,2808 Corscot Plaza,61,31
M,40-566-9716,123585,086 Dryden Trail,23,31
F,38-797-1736,43673,708 Gina Pass,43,20
M,39-794-9415,35933,0 Maywood Avenue,2,42
M,25-393-6184,144876,595 New Castle Parkway,16,35
M,04-199-5245,131155,00897 Carey Park,46,26
M,06-542-3255,147077,97116 Di Loreto Street,47,21
M,12-034-6050,25622,25038 Dwight Terrace,44,33
F,75-404-3504,44769,36689 Delaware Junction,96,29
M,68-685-0118,103493,6 Porter Circle,21,42
F,85-253-3289,91761,4 Laurel Circle,70,44
F,99-491-6114,84818,4468 Loeprich Street,77,21
F,66-277-7103,34189,581 Reinke Park,18,42
F,12-781-2402,94049,86 Messerschmidt Trail,31,27
F,84-630-3568,121824,483 Warner Hill,83,31
F,27-803-8236,53563,4 Mcbride Crossing,73,25
F,34-058-0599,50999,46 Mallory Plaza,98,24
M,29-304-8568,88000,10 Carberry Junction,33,42
M,10-857-7640,111840,9 Spaight Court,1,36
M,60-142-4259,131763,77 Almo Plaza,42,34
M,76-788-6250,138315,1 Arkansas Junction,8,25
M,60-868-3202,31611,5 Clyde Gallagher Lane,95,23
M,37-288-4367,65698,778 Armistice Park,35,36
M,29-472-5775,106792,296 Cambridge Trail,15,31
M,22-071-8277,79820,8651 Westend Center,73,26
M,46-482-6059,50699,03 Brown Point,72,38
M,47-647-5004,53338,48 Laurel Way,8,31
F,84-925-1682,30486,31860 Killdeer Parkway,28,43
F,61-640-9433,69973,007 Pond Center,3,18
F,71-691-6436,60097,5 Buena Vista Center,83,34
M,67-790-7919,110664,9 Steensland Street,61,36
M,42-781-8905,55824,9245 Lyons Avenue,94,23
M,75-442-6458,147532,52864 Ilene Park,75,37
M,88-268-0374,39335,26442 Eliot Terrace,99,42
F,52-760-8766,51569,76739 Talisman Parkway,35,24
F,73-682-4615,144252,30533 Roxbury Court,59,29
F,83-534-5729,51429,4 Ronald Regan Parkway,100,19
F,10-707-9896,82873,16949 Shasta Terrace,79,39
M,18-508-4873,93788,1429 Waubesa Street,23,31
M,95-972-7397,66853,1 Graedel Center,95,37
M,54-878-3330,21518,55573 Artisan Pass,52,35
F,30-418-0712,20541,4 Manufacturers Avenue,11,39
F,89-373-4518,130479,99 Ridge Oak Drive,27,33
M,33-989-8561,60088,600 Lotheville Trail,88,28
F,17-604-8853,122702,200 Talmadge Way,76,40
F,31-877-4094,97654,33 Havey Trail,98,41
M,24-371-5858,141841,5447 Sheridan Lane,20,38
F,54-064-4197,83564,49503 Russell Parkway,23,17
M,33-495-1908,84417,0 Ruskin Plaza,94,28
F,79-734-4084,122487,504 Bluestem Lane,74,18
M,97-370-6859,38243,8 Brentwood Pass,89,39
M,95-048-7289,105119,04505 Waubesa Junction,55,21
M,08-781-5539,63436,50 Crescent Oaks Drive,76,36
M,73-087-5754,28949,43175 Graceland Point,13,18
M,53-122-9002,89974,977 Pierstorff Way,83,24
M,89-379-1749,85345,87376 Hagan Alley,15,31
M,11-058-3573,102209,55767 Express Drive,2,39
F,26-672-9720,118221,355 Lakewood Center,47,19
F,70-397-1153,41301,9350 Lake View Crossing,2,23
M,13-624-1509,89180,8380 Johnson Point,40,32
F,37-806-3977,33054,78 Commercial Street,4,21
F,81-058-6195,138232,7 Petterle Parkway,89,41
F,82-700-5850,24803,3 Fieldstone Center,53,22
M,15-051-3934,146286,5 Green Ridge Drive,99,16
M,83-120-0004,109644,372 Lunder Court,7,32
F,54-043-6090,53620,12752 Ilene Road,33,22
M,26-791-8136,57738,44389 Bonner Place,29,42
F,45-928-6597,141617,16421 Moland Drive,64,39
M,11-791-1193,65530,03 Tennyson Alley,74,16
F,98-667-4149,127672,65 Colorado Hill,40,16
M,35-075-6879,97806,307 Merchant Trail,50,33
F,92-452-0602,47641,7273 Susan Terrace,17,44
M,90-316-3539,81599,5277 Leroy Circle,22,19
F,50-507-7734,89921,5508 Ramsey Circle,93,32
F,78-092-2631,133116,274 Carey Point,8,22
M,64-300-4948,22297,5413 Schurz Drive,5,24
M,32-043-6104,31610,79 Goodland Hill,28,38
M,81-950-7332,101974,48 Luster Drive,75,27
F,32-704-1173,115273,5602 Emmet Parkway,77,22
M,02-015-8557,144867,45065 Arizona Court,59,31
M,31-953-7332,140062,48 Dayton Parkway,90,22
F,77-829-0465,125098,4 Shasta Way,78,18
F,17-502-7824,141110,58539 Forest Dale Lane,23,22
M,04-112-6067,133928,4 Quincy Park,77,32
M,51-637-2588,91231,3 Macpherson Point,75,29
M,35-560-6167,85268,8 Village Green Pass,48,40
F,82-602-6262,73623,6 Eggendart Circle,42,21
F,10-679-7948,49110,54084 Graedel Street,52,23
F,20-526-7219,148225,61212 Sullivan Park,89,43
F,31-080-6103,97692,982 Everett Alley,61,24
F,03-151-6060,56702,2275 Haas Way,82,30
M,58-996-6985,148763,76562 Ruskin Alley,50,23
F,09-467-8353,72844,153 Oneill Parkway,5,45
M,74-046-0177,131877,20 Alpine Drive,6,39
M,00-243-5082,149020,201 Laurel Point,92,18
F,97-647-2370,126302,765 Logan Hill,48,24
F,73-707-3536,90960,2 Thompson Avenue,26,42
M,32-949-7259,81169,027 Browning Parkway,100,26
M,14-348-9251,76621,4233 Shoshone Point,86,21
F,72-705-7257,60612,035 Kenwood Crossing,50,36
M,42-217-6505,98365,9353 Mandrake Place,19,41
M,27-809-0830,124847,7 Golf Street,12,20
F,03-507-0143,83745,989 Sachtjen Avenue,87,18
F,56-926-9979,35104,9 Pankratz Center,76,41
M,77-996-7072,145480,8966 Chive Place,93,17
F,47-963-4418,103841,2509 Shoshone Hill,85,36
F,49-316-5771,38143,6869 Calypso Terrace,87,32
F,37-580-1140,123229,8042 Debra Court,78,19
M,27-773-9987,63040,03 Eagle Crest Park,70,41
F,64-597-4289,99261,789 Lunder Circle,97,45
F,05-842-4973,132661,2032 Hoepker Place,84,32
F,46-690-1038,68085,83665 Brentwood Point,45,34
M,52-499-0241,114954,46 Fallview Avenue,85,39
F,92-797-4975,49264,014 Jenifer Road,8,29
